Participant,Phase,StressSelf10,StressPred_cont,StressLevel10,meanHR_MyDev,SDNN_MyDev,RMSSD_MyDev,pNN50_MyDev,EDAmean_MyDev,EDAslope_MyDev,dHR,dSDNN,dRMSSD,dpNN50,dEDAmean,dEDAslope,TraitStress_z
4,Arithmetic,7,4.3654735154198,4,91.600571549536,205.856968216402,9.47347293424661,0.201122049327829,2.97527029092995,0.000815370131014313,15.222643621607,70.483065992316,2.74891467315226,0.070713039250769,1.47158013483739,-0.00238262520704074,-0.717804919486502
4,Cold Press,9,5.0721296594454,5,65.9580760947596,125.187265278537,6.30858246864953,0.21551724137931,2.79817556892411,-0.000391511285040744,-10.4198518331694,-10.186636945549,-0.41597579244482,0.08510823130225,1.29448541283155,-0.00358950662309579,-0.717804919486502
4,Prep TSST,NaN,6.13187427618734,6,105.42716830014,253.901100828394,7.29375462666513,0.115935919055649,1.97597922779886,0.0044403027754876,29.049240372211,118.527198604308,0.569196365570781,-0.014473091021411,0.4722890717063,0.00124230743743255,-0.717804919486502
4,Relax 1,3,5.26193249965126,5,76.377927927929,135.373902224086,6.72455826109435,0.13040901007706,1.50369015609256,0.00319799533805505,0,0,0,0,0,0,-0.717804919486502
4,Relax 2,NaN,3.5172635266987,4,97.5780994550408,218.476282970659,11.4451446713672,0.27251050300897,2.87810986850794,-0.0022228568539512,21.2001715271118,83.102380746573,4.72058641027285,0.14210149293191,1.37441971241538,-0.00542085219200625,-0.717804919486502
4,Relax 3,NaN,3.96034389849664,4,90.2850010853029,230.356891619004,10.1093655180464,0.195376098990557,3.10772074433591,-0.00230251706407651,13.9070731573739,94.982989394918,3.38480725695205,0.064967088913497,1.60403058824335,-0.00550051240213156,-0.717804919486502
4,Relax 4,NaN,4.69865203102405,5,82.119854482674,237.453393143321,8.17419296173561,0.234336457819438,3.03511414966086,-0.00163121387782467,5.74192655474501,102.079490919235,1.44963470064126,0.103927447742378,1.5314239935683,-0.00482920921587972,-0.717804919486502
4,Stroop,3,4.89413547223145,5,91.212140804598,187.853962946097,8.48936737514193,0.215594681997844,2.90180021646424,0.0132088285452896,14.834212876669,52.480060722011,1.76480911404758,0.085185671920784,1.39811006037168,0.0100108332072346,-0.717804919486502
4,TSST Speech,6,5.37532208357773,5,92.2664446648693,173.176367934242,7.69755806943415,0.162970311060724,2.88503306542431,0.00134429480889963,15.8885167369403,37.802465710156,0.9729998083398,0.032561300983664,1.38134290933175,-0.00185370052915542,-0.717804919486502
